state,purpose,year,trips_000,index_2019,grp
NSW,Total,2001,26539.2,68.1,rest
NSW,Total,2002,27484.9,70.5,rest
NSW,Total,2003,26496.7,68.0,rest
NSW,Total,2004,25611.7,65.7,rest
NSW,Total,2005,23819.0,61.1,rest
NSW,Total,2006,24873.2,63.8,rest
NSW,Total,2007,24237.8,62.2,rest
NSW,Total,2008,24384.0,62.6,rest
NSW,Total,2009,22948.7,58.9,rest
NSW,Total,2010,23571.8,60.5,rest
NSW,Total,2011,24541.9,63.0,rest
NSW,Total,2012,24789.7,63.6,rest
NSW,Total,2013,25705.0,66.0,rest
NSW,Total,2014,26492.2,68.0,rest
NSW,Total,2015,27709.0,71.1,rest
NSW,Total,2016,29188.3,74.9,rest
NSW,Total,2017,32254.9,82.8,rest
NSW,Total,2018,34812.5,89.3,rest
NSW,Total,2019,38968.2,100.0,rest
NSW,Total,2020,24447.3,62.7,rest
NSW,Total,2021,24352.4,62.5,rest
NSW,Total,2022,35118.2,90.1,rest
NSW,Total,2023,36749.9,94.3,rest
NSW,Total,2024,37484.5,96.2,rest
VIC,Total,2001,18148.1,61.0,rest
VIC,Total,2002,18039.1,60.6,rest
VIC,Total,2003,18019.9,60.6,rest
VIC,Total,2004,17800.5,59.8,rest
VIC,Total,2005,16660.2,56.0,rest
VIC,Total,2006,17441.0,58.6,rest
VIC,Total,2007,17580.8,59.1,rest
VIC,Total,2008,17124.4,57.6,rest
VIC,Total,2009,16201.4,54.5,rest
VIC,Total,2010,16420.2,55.2,rest
VIC,Total,2011,17642.6,59.3,rest
VIC,Total,2012,17970.0,60.4,rest
VIC,Total,2013,18309.4,61.5,rest
VIC,Total,2014,19840.0,66.7,rest
VIC,Total,2015,20840.7,70.1,rest
VIC,Total,2016,21927.2,73.7,rest
VIC,Total,2017,25249.7,84.9,rest
VIC,Total,2018,26217.9,88.1,rest
VIC,Total,2019,29748.4,100.0,rest
VIC,Total,2020,13962.6,46.9,rest
VIC,Total,2021,17950.9,60.3,rest
VIC,Total,2022,26168.2,88.0,rest
VIC,Total,2023,28458.7,95.7,rest
VIC,Total,2024,29140.7,98.0,rest
QLD,Total,2001,16275.1,62.8,hero
QLD,Total,2002,16331.9,63.0,hero
QLD,Total,2003,16186.1,62.5,hero
QLD,Total,2004,17112.3,66.0,hero
QLD,Total,2005,16449.3,63.5,hero
QLD,Total,2006,17114.6,66.0,hero
QLD,Total,2007,18241.7,70.4,hero
QLD,Total,2008,17107.1,66.0,hero
QLD,Total,2009,16091.3,62.1,hero
QLD,Total,2010,16923.2,65.3,hero
QLD,Total,2011,16929.0,65.3,hero
QLD,Total,2012,18001.4,69.5,hero
QLD,Total,2013,17571.6,67.8,hero
QLD,Total,2014,19707.2,76.0,hero
QLD,Total,2015,20337.2,78.5,hero
QLD,Total,2016,20765.1,80.1,hero
QLD,Total,2017,21934.0,84.6,hero
QLD,Total,2018,23639.2,91.2,hero
QLD,Total,2019,25914.4,100.0,hero
QLD,Total,2020,16850.6,65.0,hero
QLD,Total,2021,20473.9,79.0,hero
QLD,Total,2022,25590.9,98.8,hero
QLD,Total,2023,24991.6,96.4,hero
QLD,Total,2024,26187.5,101.1,hero
SA,Total,2001,5529.1,68.3,rest
SA,Total,2002,5546.2,68.5,rest
SA,Total,2003,5409.6,66.8,rest
SA,Total,2004,5796.9,71.6,rest
SA,Total,2005,5004.1,61.8,rest
SA,Total,2006,5300.4,65.5,rest
SA,Total,2007,5498.7,67.9,rest
SA,Total,2008,5132.5,63.4,rest
SA,Total,2009,4898.1,60.5,rest
SA,Total,2010,4759.2,58.8,rest
SA,Total,2011,5108.7,63.1,rest
SA,Total,2012,5175.6,63.9,rest
SA,Total,2013,5235.2,64.7,rest
SA,Total,2014,5743.4,71.0,rest
SA,Total,2015,5913.8,73.1,rest
SA,Total,2016,6211.1,76.7,rest
SA,Total,2017,6435.6,79.5,rest
SA,Total,2018,6597.8,81.5,rest
SA,Total,2019,8093.6,100.0,rest
SA,Total,2020,5473.5,67.6,rest
SA,Total,2021,6067.0,75.0,rest
SA,Total,2022,7110.3,87.9,rest
SA,Total,2023,7395.9,91.4,rest
SA,Total,2024,7594.2,93.8,rest
WA,Total,2001,6697.4,60.8,rest
WA,Total,2002,6826.8,61.9,rest
WA,Total,2003,6425.5,58.3,rest
WA,Total,2004,6510.0,59.1,rest
WA,Total,2005,5968.0,54.1,rest
WA,Total,2006,6750.8,61.2,rest
WA,Total,2007,6476.4,58.8,rest
WA,Total,2008,6013.9,54.6,rest
WA,Total,2009,5345.5,48.5,rest
WA,Total,2010,5193.2,47.1,rest
WA,Total,2011,5783.4,52.5,rest
WA,Total,2012,6272.0,56.9,rest
WA,Total,2013,6566.4,59.6,rest
WA,Total,2014,9743.8,88.4,rest
WA,Total,2015,9800.9,88.9,rest
WA,Total,2016,9750.1,88.5,rest
WA,Total,2017,9042.4,82.0,rest
WA,Total,2018,9865.1,89.5,rest
WA,Total,2019,11022.2,100.0,rest
WA,Total,2020,8761.5,79.5,rest
WA,Total,2021,9823.6,89.1,rest
WA,Total,2022,10523.8,95.5,rest
WA,Total,2023,11073.8,100.5,rest
WA,Total,2024,10854.5,98.5,rest
TAS,Total,2001,1852.2,57.6,rest
TAS,Total,2002,1864.4,57.9,rest
TAS,Total,2003,2132.5,66.3,rest
TAS,Total,2004,2243.2,69.7,rest
TAS,Total,2005,1914.5,59.5,rest
TAS,Total,2006,2081.8,64.7,rest
TAS,Total,2007,2139.0,66.5,rest
TAS,Total,2008,2006.8,62.4,rest
TAS,Total,2009,1928.8,60.0,rest
TAS,Total,2010,1857.7,57.7,rest
TAS,Total,2011,1970.6,61.3,rest
TAS,Total,2012,2051.5,63.8,rest
TAS,Total,2013,2065.7,64.2,rest
TAS,Total,2014,2286.1,71.1,rest
TAS,Total,2015,2353.1,73.1,rest
TAS,Total,2016,2448.7,76.1,rest
TAS,Total,2017,2728.3,84.8,rest
TAS,Total,2018,3064.0,95.2,rest
TAS,Total,2019,3217.3,100.0,rest
TAS,Total,2020,2179.9,67.8,rest
TAS,Total,2021,2635.7,81.9,rest
TAS,Total,2022,2999.0,93.2,rest
TAS,Total,2023,3028.1,94.1,rest
TAS,Total,2024,3192.2,99.2,rest
NT,Total,2001,1062.6,62.4,second
NT,Total,2002,1099.4,64.6,second
NT,Total,2003,934.9,54.9,second
NT,Total,2004,1029.2,60.4,second
NT,Total,2005,1031.1,60.6,second
NT,Total,2006,1021.4,60.0,second
NT,Total,2007,1126.5,66.2,second
NT,Total,2008,1076.8,63.2,second
NT,Total,2009,1068.3,62.7,second
NT,Total,2010,1001.5,58.8,second
NT,Total,2011,933.2,54.8,second
NT,Total,2012,1031.9,60.6,second
NT,Total,2013,897.4,52.7,second
NT,Total,2014,1473.5,86.5,second
NT,Total,2015,1466.7,86.1,second
NT,Total,2016,1519.4,89.2,second
NT,Total,2017,1600.2,94.0,second
NT,Total,2018,1540.7,90.5,second
NT,Total,2019,1702.5,100.0,second
NT,Total,2020,936.3,55.0,second
NT,Total,2021,1278.1,75.1,second
NT,Total,2022,1573.9,92.4,second
NT,Total,2023,1408.9,82.8,second
NT,Total,2024,1422.0,83.5,second
ACT,Total,2001,2106.7,65.8,rest
ACT,Total,2002,1983.0,61.9,rest
ACT,Total,2003,1957.8,61.1,rest
ACT,Total,2004,1887.9,58.9,rest
ACT,Total,2005,2004.5,62.6,rest
ACT,Total,2006,1903.8,59.4,rest
ACT,Total,2007,1965.7,61.4,rest
ACT,Total,2008,1957.0,61.1,rest
ACT,Total,2009,1726.1,53.9,rest
ACT,Total,2010,2095.7,65.4,rest
ACT,Total,2011,1800.3,56.2,rest
ACT,Total,2012,1955.1,61.0,rest
ACT,Total,2013,2055.3,64.2,rest
ACT,Total,2014,2257.3,70.5,rest
ACT,Total,2015,2383.8,74.4,rest
ACT,Total,2016,2488.8,77.7,rest
ACT,Total,2017,2816.2,87.9,rest
ACT,Total,2018,2767.1,86.4,rest
ACT,Total,2019,3203.3,100.0,rest
ACT,Total,2020,1657.0,51.7,rest
ACT,Total,2021,1731.4,54.1,rest
ACT,Total,2022,3032.8,94.7,rest
ACT,Total,2023,3298.1,103.0,rest
ACT,Total,2024,3097.9,96.7,rest
AUS,Total,2001,74584.6,63.5,rest
AUS,Total,2002,75339.1,64.1,rest
AUS,Total,2003,73621.2,62.7,rest
AUS,Total,2004,74301.3,63.3,rest
AUS,Total,2005,69923.8,59.5,rest
AUS,Total,2006,73564.0,62.6,rest
AUS,Total,2007,74464.4,63.4,rest
AUS,Total,2008,72008.7,61.3,rest
AUS,Total,2009,67669.6,57.6,rest
AUS,Total,2010,69296.8,59.0,rest
AUS,Total,2011,71894.7,61.2,rest
AUS,Total,2012,74472.2,63.4,rest
AUS,Total,2013,75796.4,64.5,rest
AUS,Total,2014,84480.8,71.9,rest
AUS,Total,2015,87523.2,74.5,rest
AUS,Total,2016,90741.7,77.3,rest
AUS,Total,2017,98483.9,83.9,rest
AUS,Total,2018,104821.9,89.2,rest
AUS,Total,2019,117447.7,100.0,rest
AUS,Total,2020,72513.8,61.7,rest
AUS,Total,2021,82074.1,69.9,rest
AUS,Total,2022,108211.8,92.1,rest
AUS,Total,2023,112584.2,95.9,rest
AUS,Total,2024,114970.9,97.9,rest
NSW,Holiday or leisure,2001,11076.1,74.9,rest
NSW,Holiday or leisure,2002,11284.7,76.3,rest
NSW,Holiday or leisure,2003,10714.4,72.4,rest
NSW,Holiday or leisure,2004,10532.9,71.2,rest
NSW,Holiday or leisure,2005,10119.3,68.4,rest
NSW,Holiday or leisure,2006,10447.0,70.6,rest
NSW,Holiday or leisure,2007,10408.3,70.3,rest
NSW,Holiday or leisure,2008,10747.8,72.6,rest
NSW,Holiday or leisure,2009,10295.7,69.6,rest
NSW,Holiday or leisure,2010,10512.8,71.1,rest
NSW,Holiday or leisure,2011,10260.2,69.3,rest
NSW,Holiday or leisure,2012,10307.5,69.7,rest
NSW,Holiday or leisure,2013,10924.9,73.8,rest
NSW,Holiday or leisure,2014,10979.0,74.2,rest
NSW,Holiday or leisure,2015,11354.9,76.7,rest
NSW,Holiday or leisure,2016,11900.8,80.4,rest
NSW,Holiday or leisure,2017,12752.7,86.2,rest
NSW,Holiday or leisure,2018,13789.9,93.2,rest
NSW,Holiday or leisure,2019,14795.3,100.0,rest
NSW,Holiday or leisure,2020,9698.9,65.6,rest
NSW,Holiday or leisure,2021,10324.7,69.8,rest
NSW,Holiday or leisure,2022,15122.7,102.2,rest
NSW,Holiday or leisure,2023,15244.6,103.0,rest
NSW,Holiday or leisure,2024,15779.2,106.6,rest
VIC,Holiday or leisure,2001,8369.7,67.2,hero
VIC,Holiday or leisure,2002,7956.3,63.9,hero
VIC,Holiday or leisure,2003,7845.8,63.0,hero
VIC,Holiday or leisure,2004,7749.9,62.2,hero
VIC,Holiday or leisure,2005,7521.0,60.4,hero
VIC,Holiday or leisure,2006,7858.8,63.1,hero
VIC,Holiday or leisure,2007,8123.6,65.2,hero
VIC,Holiday or leisure,2008,8251.6,66.3,hero
VIC,Holiday or leisure,2009,7630.5,61.3,hero
VIC,Holiday or leisure,2010,7762.0,62.3,hero
VIC,Holiday or leisure,2011,8220.3,66.0,hero
VIC,Holiday or leisure,2012,8324.3,66.8,hero
VIC,Holiday or leisure,2013,8427.9,67.7,hero
VIC,Holiday or leisure,2014,8772.0,70.4,hero
VIC,Holiday or leisure,2015,9246.7,74.3,hero
VIC,Holiday or leisure,2016,9666.2,77.6,hero
VIC,Holiday or leisure,2017,10927.7,87.8,hero
VIC,Holiday or leisure,2018,11236.6,90.2,hero
VIC,Holiday or leisure,2019,12452.7,100.0,hero
VIC,Holiday or leisure,2020,5838.8,46.9,hero
VIC,Holiday or leisure,2021,8508.4,68.3,hero
VIC,Holiday or leisure,2022,12587.2,101.1,hero
VIC,Holiday or leisure,2023,13186.7,105.9,hero
VIC,Holiday or leisure,2024,13693.3,110.0,hero
QLD,Holiday or leisure,2001,7390.0,73.8,rest
QLD,Holiday or leisure,2002,7460.0,74.5,rest
QLD,Holiday or leisure,2003,7428.6,74.2,rest
QLD,Holiday or leisure,2004,7388.3,73.8,rest
QLD,Holiday or leisure,2005,7153.0,71.5,rest
QLD,Holiday or leisure,2006,7855.3,78.5,rest
QLD,Holiday or leisure,2007,7973.2,79.7,rest
QLD,Holiday or leisure,2008,7867.1,78.6,rest
QLD,Holiday or leisure,2009,7625.4,76.2,rest
QLD,Holiday or leisure,2010,7334.7,73.3,rest
QLD,Holiday or leisure,2011,7150.5,71.4,rest
QLD,Holiday or leisure,2012,7681.6,76.8,rest
QLD,Holiday or leisure,2013,7599.4,75.9,rest
QLD,Holiday or leisure,2014,7869.7,78.6,rest
QLD,Holiday or leisure,2015,8134.0,81.3,rest
QLD,Holiday or leisure,2016,8284.6,82.8,rest
QLD,Holiday or leisure,2017,8589.0,85.8,rest
QLD,Holiday or leisure,2018,9274.0,92.7,rest
QLD,Holiday or leisure,2019,10008.5,100.0,rest
QLD,Holiday or leisure,2020,6432.7,64.3,rest
QLD,Holiday or leisure,2021,8946.1,89.4,rest
QLD,Holiday or leisure,2022,11032.2,110.2,rest
QLD,Holiday or leisure,2023,10584.6,105.8,rest
QLD,Holiday or leisure,2024,10711.0,107.0,rest
SA,Holiday or leisure,2001,2458.7,75.0,rest
SA,Holiday or leisure,2002,2323.2,70.8,rest
SA,Holiday or leisure,2003,2177.9,66.4,rest
SA,Holiday or leisure,2004,2417.1,73.7,rest
SA,Holiday or leisure,2005,2198.5,67.0,rest
SA,Holiday or leisure,2006,2383.1,72.7,rest
SA,Holiday or leisure,2007,2417.5,73.7,rest
SA,Holiday or leisure,2008,2256.2,68.8,rest
SA,Holiday or leisure,2009,2175.8,66.4,rest
SA,Holiday or leisure,2010,2192.6,66.9,rest
SA,Holiday or leisure,2011,2246.2,68.5,rest
SA,Holiday or leisure,2012,2265.2,69.1,rest
SA,Holiday or leisure,2013,2328.6,71.0,rest
SA,Holiday or leisure,2014,2444.2,74.5,rest
SA,Holiday or leisure,2015,2449.7,74.7,rest
SA,Holiday or leisure,2016,2549.0,77.7,rest
SA,Holiday or leisure,2017,2630.9,80.2,rest
SA,Holiday or leisure,2018,2689.3,82.0,rest
SA,Holiday or leisure,2019,3279.1,100.0,rest
SA,Holiday or leisure,2020,2481.1,75.7,rest
SA,Holiday or leisure,2021,2987.9,91.1,rest
SA,Holiday or leisure,2022,3114.2,95.0,rest
SA,Holiday or leisure,2023,3016.4,92.0,rest
SA,Holiday or leisure,2024,3172.0,96.7,rest
WA,Holiday or leisure,2001,2892.1,68.3,rest
WA,Holiday or leisure,2002,2847.4,67.2,rest
WA,Holiday or leisure,2003,2794.1,65.9,rest
WA,Holiday or leisure,2004,2849.1,67.2,rest
WA,Holiday or leisure,2005,2571.1,60.7,rest
WA,Holiday or leisure,2006,2897.2,68.4,rest
WA,Holiday or leisure,2007,2812.3,66.4,rest
WA,Holiday or leisure,2008,2722.6,64.3,rest
WA,Holiday or leisure,2009,2352.3,55.5,rest
WA,Holiday or leisure,2010,2294.6,54.2,rest
WA,Holiday or leisure,2011,2449.2,57.8,rest
WA,Holiday or leisure,2012,2590.7,61.1,rest
WA,Holiday or leisure,2013,2848.3,67.2,rest
WA,Holiday or leisure,2014,3884.0,91.7,rest
WA,Holiday or leisure,2015,3850.3,90.9,rest
WA,Holiday or leisure,2016,3793.2,89.5,rest
WA,Holiday or leisure,2017,3511.0,82.9,rest
WA,Holiday or leisure,2018,3759.4,88.7,rest
WA,Holiday or leisure,2019,4236.8,100.0,rest
WA,Holiday or leisure,2020,3583.5,84.6,rest
WA,Holiday or leisure,2021,4432.6,104.6,rest
WA,Holiday or leisure,2022,4421.8,104.4,rest
WA,Holiday or leisure,2023,4402.0,103.9,rest
WA,Holiday or leisure,2024,4214.6,99.5,rest
TAS,Holiday or leisure,2001,953.0,56.0,rest
TAS,Holiday or leisure,2002,931.2,54.7,rest
TAS,Holiday or leisure,2003,994.9,58.4,rest
TAS,Holiday or leisure,2004,982.1,57.7,rest
TAS,Holiday or leisure,2005,913.2,53.6,rest
TAS,Holiday or leisure,2006,1047.3,61.5,rest
TAS,Holiday or leisure,2007,1112.8,65.4,rest
TAS,Holiday or leisure,2008,1033.2,60.7,rest
TAS,Holiday or leisure,2009,1016.0,59.7,rest
TAS,Holiday or leisure,2010,978.7,57.5,rest
TAS,Holiday or leisure,2011,1028.6,60.4,rest
TAS,Holiday or leisure,2012,1048.4,61.6,rest
TAS,Holiday or leisure,2013,1063.4,62.5,rest
TAS,Holiday or leisure,2014,1129.7,66.4,rest
TAS,Holiday or leisure,2015,1212.8,71.2,rest
TAS,Holiday or leisure,2016,1244.7,73.1,rest
TAS,Holiday or leisure,2017,1365.2,80.2,rest
TAS,Holiday or leisure,2018,1621.5,95.2,rest
TAS,Holiday or leisure,2019,1702.5,100.0,rest
TAS,Holiday or leisure,2020,1145.9,67.3,rest
TAS,Holiday or leisure,2021,1488.9,87.5,rest
TAS,Holiday or leisure,2022,1646.7,96.7,rest
TAS,Holiday or leisure,2023,1554.5,91.3,rest
TAS,Holiday or leisure,2024,1689.5,99.2,rest
NT,Holiday or leisure,2001,467.4,62.3,second
NT,Holiday or leisure,2002,446.1,59.4,second
NT,Holiday or leisure,2003,456.6,60.8,second
NT,Holiday or leisure,2004,517.1,68.9,second
NT,Holiday or leisure,2005,484.2,64.5,second
NT,Holiday or leisure,2006,499.6,66.5,second
NT,Holiday or leisure,2007,559.4,74.5,second
NT,Holiday or leisure,2008,504.0,67.1,second
NT,Holiday or leisure,2009,524.5,69.9,second
NT,Holiday or leisure,2010,485.7,64.7,second
NT,Holiday or leisure,2011,406.5,54.2,second
NT,Holiday or leisure,2012,474.7,63.2,second
NT,Holiday or leisure,2013,410.3,54.7,second
NT,Holiday or leisure,2014,602.7,80.3,second
NT,Holiday or leisure,2015,597.6,79.6,second
NT,Holiday or leisure,2016,614.0,81.8,second
NT,Holiday or leisure,2017,603.0,80.3,second
NT,Holiday or leisure,2018,642.7,85.6,second
NT,Holiday or leisure,2019,750.7,100.0,second
NT,Holiday or leisure,2020,414.5,55.2,second
NT,Holiday or leisure,2021,668.5,89.1,second
NT,Holiday or leisure,2022,826.5,110.1,second
NT,Holiday or leisure,2023,699.7,93.2,second
NT,Holiday or leisure,2024,524.7,69.9,second
ACT,Holiday or leisure,2001,716.2,83.0,rest
ACT,Holiday or leisure,2002,609.6,70.7,rest
ACT,Holiday or leisure,2003,560.9,65.0,rest
ACT,Holiday or leisure,2004,495.4,57.4,rest
ACT,Holiday or leisure,2005,503.5,58.4,rest
ACT,Holiday or leisure,2006,527.2,61.1,rest
ACT,Holiday or leisure,2007,482.4,55.9,rest
ACT,Holiday or leisure,2008,555.4,64.4,rest
ACT,Holiday or leisure,2009,528.4,61.3,rest
ACT,Holiday or leisure,2010,770.7,89.3,rest
ACT,Holiday or leisure,2011,520.2,60.3,rest
ACT,Holiday or leisure,2012,466.6,54.1,rest
ACT,Holiday or leisure,2013,643.1,74.6,rest
ACT,Holiday or leisure,2014,667.6,77.4,rest
ACT,Holiday or leisure,2015,692.1,80.2,rest
ACT,Holiday or leisure,2016,747.6,86.7,rest
ACT,Holiday or leisure,2017,851.8,98.7,rest
ACT,Holiday or leisure,2018,778.1,90.2,rest
ACT,Holiday or leisure,2019,862.6,100.0,rest
ACT,Holiday or leisure,2020,382.5,44.3,rest
ACT,Holiday or leisure,2021,462.7,53.6,rest
ACT,Holiday or leisure,2022,860.2,99.7,rest
ACT,Holiday or leisure,2023,752.7,87.3,rest
ACT,Holiday or leisure,2024,925.9,107.3,rest
AUS,Holiday or leisure,2001,32543.0,70.4,rest
AUS,Holiday or leisure,2002,32018.4,69.3,rest
AUS,Holiday or leisure,2003,31086.9,67.2,rest
AUS,Holiday or leisure,2004,31288,67.7,rest
AUS,Holiday or leisure,2005,30100.5,65.1,rest
AUS,Holiday or leisure,2006,32130.9,69.5,rest
AUS,Holiday or leisure,2007,32533.8,70.4,rest
AUS,Holiday or leisure,2008,32633.3,70.6,rest
AUS,Holiday or leisure,2009,30795.6,66.6,rest
AUS,Holiday or leisure,2010,31038.7,67.1,rest
AUS,Holiday or leisure,2011,30900.6,66.8,rest
AUS,Holiday or leisure,2012,31767.7,68.7,rest
AUS,Holiday or leisure,2013,33006.9,71.4,rest
AUS,Holiday or leisure,2014,34845.9,75.4,rest
AUS,Holiday or leisure,2015,35984.6,77.8,rest
AUS,Holiday or leisure,2016,37134.5,80.3,rest
AUS,Holiday or leisure,2017,39658.4,85.8,rest
AUS,Holiday or leisure,2018,42141.2,91.2,rest
AUS,Holiday or leisure,2019,46227.6,100.0,rest
AUS,Holiday or leisure,2020,29391.3,63.6,rest
AUS,Holiday or leisure,2021,36928.6,79.9,rest
AUS,Holiday or leisure,2022,47646.8,103.1,rest
AUS,Holiday or leisure,2023,47633.5,103.0,rest
AUS,Holiday or leisure,2024,49002.7,106.0,rest
NSW,Visiting friends and relatives,2001,8928.2,63.5,second
NSW,Visiting friends and relatives,2002,9848.4,70.1,second
NSW,Visiting friends and relatives,2003,9712.7,69.1,second
NSW,Visiting friends and relatives,2004,9657.1,68.7,second
NSW,Visiting friends and relatives,2005,8573.8,61.0,second
NSW,Visiting friends and relatives,2006,9387.1,66.8,second
NSW,Visiting friends and relatives,2007,8689.7,61.8,second
NSW,Visiting friends and relatives,2008,8590.8,61.1,second
NSW,Visiting friends and relatives,2009,8023.1,57.1,second
NSW,Visiting friends and relatives,2010,8338.4,59.3,second
NSW,Visiting friends and relatives,2011,8777.7,62.4,second
NSW,Visiting friends and relatives,2012,9427.9,67.1,second
NSW,Visiting friends and relatives,2013,9375.3,66.7,second
NSW,Visiting friends and relatives,2014,9426.8,67.1,second
NSW,Visiting friends and relatives,2015,9939.3,70.7,second
NSW,Visiting friends and relatives,2016,10532.2,74.9,second
NSW,Visiting friends and relatives,2017,11355.2,80.8,second
NSW,Visiting friends and relatives,2018,12103.4,86.1,second
NSW,Visiting friends and relatives,2019,14058.1,100.0,second
NSW,Visiting friends and relatives,2020,8868.6,63.1,second
NSW,Visiting friends and relatives,2021,8687.3,61.8,second
NSW,Visiting friends and relatives,2022,12064.1,85.8,second
NSW,Visiting friends and relatives,2023,13112.8,93.3,second
NSW,Visiting friends and relatives,2024,12758.9,90.8,second
VIC,Visiting friends and relatives,2001,5960.1,58.0,rest
VIC,Visiting friends and relatives,2002,6400.3,62.2,rest
VIC,Visiting friends and relatives,2003,6672.3,64.9,rest
VIC,Visiting friends and relatives,2004,6461.5,62.8,rest
VIC,Visiting friends and relatives,2005,5714.2,55.6,rest
VIC,Visiting friends and relatives,2006,6220.3,60.5,rest
VIC,Visiting friends and relatives,2007,5974.0,58.1,rest
VIC,Visiting friends and relatives,2008,5744.0,55.9,rest
VIC,Visiting friends and relatives,2009,5341.2,51.9,rest
VIC,Visiting friends and relatives,2010,5471.1,53.2,rest
VIC,Visiting friends and relatives,2011,5858.3,57.0,rest
VIC,Visiting friends and relatives,2012,6163.1,59.9,rest
VIC,Visiting friends and relatives,2013,6383.4,62.1,rest
VIC,Visiting friends and relatives,2014,6791.4,66.0,rest
VIC,Visiting friends and relatives,2015,7153.3,69.6,rest
VIC,Visiting friends and relatives,2016,7564.3,73.6,rest
VIC,Visiting friends and relatives,2017,8645.0,84.1,rest
VIC,Visiting friends and relatives,2018,9085.2,88.4,rest
VIC,Visiting friends and relatives,2019,10282.6,100.0,rest
VIC,Visiting friends and relatives,2020,4995.6,48.6,rest
VIC,Visiting friends and relatives,2021,6377.3,62.0,rest
VIC,Visiting friends and relatives,2022,8639.1,84.0,rest
VIC,Visiting friends and relatives,2023,9757.3,94.9,rest
VIC,Visiting friends and relatives,2024,9545.4,92.8,rest
QLD,Visiting friends and relatives,2001,5088.9,56.9,rest
QLD,Visiting friends and relatives,2002,5226.5,58.4,rest
QLD,Visiting friends and relatives,2003,5831.0,65.2,rest
QLD,Visiting friends and relatives,2004,6052.2,67.7,rest
QLD,Visiting friends and relatives,2005,5640.3,63.1,rest
QLD,Visiting friends and relatives,2006,5653.1,63.2,rest
QLD,Visiting friends and relatives,2007,6081.9,68.0,rest
QLD,Visiting friends and relatives,2008,5574.5,62.3,rest
QLD,Visiting friends and relatives,2009,5236.2,58.5,rest
QLD,Visiting friends and relatives,2010,5374.6,60.1,rest
QLD,Visiting friends and relatives,2011,5780.4,64.6,rest
QLD,Visiting friends and relatives,2012,6329.6,70.8,rest
QLD,Visiting friends and relatives,2013,6144.3,68.7,rest
QLD,Visiting friends and relatives,2014,6777.2,75.8,rest
QLD,Visiting friends and relatives,2015,7043.7,78.7,rest
QLD,Visiting friends and relatives,2016,7196.5,80.5,rest
QLD,Visiting friends and relatives,2017,7330.7,82.0,rest
QLD,Visiting friends and relatives,2018,7798.7,87.2,rest
QLD,Visiting friends and relatives,2019,8945.1,100.0,rest
QLD,Visiting friends and relatives,2020,5769.2,64.5,rest
QLD,Visiting friends and relatives,2021,6635.7,74.2,rest
QLD,Visiting friends and relatives,2022,8372.8,93.6,rest
QLD,Visiting friends and relatives,2023,7940.0,88.8,rest
QLD,Visiting friends and relatives,2024,8320.0,93.0,rest
SA,Visiting friends and relatives,2001,1732.4,72.5,rest
SA,Visiting friends and relatives,2002,1776.1,74.3,rest
SA,Visiting friends and relatives,2003,1761.9,73.7,rest
SA,Visiting friends and relatives,2004,1891.9,79.2,rest
SA,Visiting friends and relatives,2005,1614.0,67.5,rest
SA,Visiting friends and relatives,2006,1662.5,69.6,rest
SA,Visiting friends and relatives,2007,1738.5,72.7,rest
SA,Visiting friends and relatives,2008,1638.3,68.5,rest
SA,Visiting friends and relatives,2009,1539.5,64.4,rest
SA,Visiting friends and relatives,2010,1417.0,59.3,rest
SA,Visiting friends and relatives,2011,1560.3,65.3,rest
SA,Visiting friends and relatives,2012,1563.0,65.4,rest
SA,Visiting friends and relatives,2013,1653.5,69.2,rest
SA,Visiting friends and relatives,2014,1769.6,74.0,rest
SA,Visiting friends and relatives,2015,1811.7,75.8,rest
SA,Visiting friends and relatives,2016,1943.2,81.3,rest
SA,Visiting friends and relatives,2017,2081.7,87.1,rest
SA,Visiting friends and relatives,2018,2052.0,85.9,rest
SA,Visiting friends and relatives,2019,2390.2,100.0,rest
SA,Visiting friends and relatives,2020,1571.0,65.7,rest
SA,Visiting friends and relatives,2021,1667.4,69.8,rest
SA,Visiting friends and relatives,2022,2050.6,85.8,rest
SA,Visiting friends and relatives,2023,2409.8,100.8,rest
SA,Visiting friends and relatives,2024,2203.9,92.2,rest
WA,Visiting friends and relatives,2001,1920.6,66.3,rest
WA,Visiting friends and relatives,2002,2100.9,72.5,rest
WA,Visiting friends and relatives,2003,2077.5,71.7,rest
WA,Visiting friends and relatives,2004,2086.1,72.0,rest
WA,Visiting friends and relatives,2005,1938.4,66.9,rest
WA,Visiting friends and relatives,2006,2126.6,73.4,rest
WA,Visiting friends and relatives,2007,1908.8,65.9,rest
WA,Visiting friends and relatives,2008,1735.9,59.9,rest
WA,Visiting friends and relatives,2009,1716.8,59.2,rest
WA,Visiting friends and relatives,2010,1449.6,50.0,rest
WA,Visiting friends and relatives,2011,1709.7,59.0,rest
WA,Visiting friends and relatives,2012,1944.6,67.1,rest
WA,Visiting friends and relatives,2013,1987.9,68.6,rest
WA,Visiting friends and relatives,2014,2922.0,100.8,rest
WA,Visiting friends and relatives,2015,2920.3,100.8,rest
WA,Visiting friends and relatives,2016,2855.8,98.5,rest
WA,Visiting friends and relatives,2017,2603.3,89.8,rest
WA,Visiting friends and relatives,2018,2977.2,102.7,rest
WA,Visiting friends and relatives,2019,2898.1,100.0,rest
WA,Visiting friends and relatives,2020,2378.0,82.1,rest
WA,Visiting friends and relatives,2021,2475.1,85.4,rest
WA,Visiting friends and relatives,2022,2949.1,101.8,rest
WA,Visiting friends and relatives,2023,2696.8,93.1,rest
WA,Visiting friends and relatives,2024,2900.5,100.1,rest
TAS,Visiting friends and relatives,2001,506.7,63.8,rest
TAS,Visiting friends and relatives,2002,483.3,60.8,rest
TAS,Visiting friends and relatives,2003,682.6,85.9,rest
TAS,Visiting friends and relatives,2004,694.3,87.4,rest
TAS,Visiting friends and relatives,2005,589.8,74.2,rest
TAS,Visiting friends and relatives,2006,587.5,73.9,rest
TAS,Visiting friends and relatives,2007,593.7,74.7,rest
TAS,Visiting friends and relatives,2008,537.6,67.7,rest
TAS,Visiting friends and relatives,2009,546.7,68.8,rest
TAS,Visiting friends and relatives,2010,479.6,60.4,rest
TAS,Visiting friends and relatives,2011,543.3,68.4,rest
TAS,Visiting friends and relatives,2012,581.1,73.1,rest
TAS,Visiting friends and relatives,2013,608.5,76.6,rest
TAS,Visiting friends and relatives,2014,646.8,81.4,rest
TAS,Visiting friends and relatives,2015,649.7,81.8,rest
TAS,Visiting friends and relatives,2016,703.8,88.6,rest
TAS,Visiting friends and relatives,2017,725.1,91.3,rest
TAS,Visiting friends and relatives,2018,839.0,105.6,rest
TAS,Visiting friends and relatives,2019,794.5,100.0,rest
TAS,Visiting friends and relatives,2020,670.4,84.4,rest
TAS,Visiting friends and relatives,2021,673.1,84.7,rest
TAS,Visiting friends and relatives,2022,714.8,90.0,rest
TAS,Visiting friends and relatives,2023,835.9,105.2,rest
TAS,Visiting friends and relatives,2024,788.2,99.2,rest
NT,Visiting friends and relatives,2001,133.2,62.7,hero
NT,Visiting friends and relatives,2002,162.1,76.3,hero
NT,Visiting friends and relatives,2003,144.1,67.8,hero
NT,Visiting friends and relatives,2004,173.6,81.7,hero
NT,Visiting friends and relatives,2005,182.2,85.7,hero
NT,Visiting friends and relatives,2006,174.7,82.2,hero
NT,Visiting friends and relatives,2007,176.7,83.1,hero
NT,Visiting friends and relatives,2008,157.3,74.0,hero
NT,Visiting friends and relatives,2009,148.8,70.0,hero
NT,Visiting friends and relatives,2010,144.9,68.2,hero
NT,Visiting friends and relatives,2011,181.0,85.2,hero
NT,Visiting friends and relatives,2012,190.9,89.8,hero
NT,Visiting friends and relatives,2013,144.2,67.9,hero
NT,Visiting friends and relatives,2014,252.1,118.6,hero
NT,Visiting friends and relatives,2015,238.6,112.3,hero
NT,Visiting friends and relatives,2016,253.5,119.3,hero
NT,Visiting friends and relatives,2017,260.7,122.7,hero
NT,Visiting friends and relatives,2018,195.5,92.0,hero
NT,Visiting friends and relatives,2019,212.5,100.0,hero
NT,Visiting friends and relatives,2020,92.4,43.5,hero
NT,Visiting friends and relatives,2021,171.4,80.7,hero
NT,Visiting friends and relatives,2022,207.8,97.8,hero
NT,Visiting friends and relatives,2023,183.9,86.5,hero
NT,Visiting friends and relatives,2024,228.7,107.6,hero
ACT,Visiting friends and relatives,2001,777.8,73.1,rest
ACT,Visiting friends and relatives,2002,643.0,60.4,rest
ACT,Visiting friends and relatives,2003,799.3,75.1,rest
ACT,Visiting friends and relatives,2004,739.3,69.5,rest
ACT,Visiting friends and relatives,2005,760.9,71.5,rest
ACT,Visiting friends and relatives,2006,727.9,68.4,rest
ACT,Visiting friends and relatives,2007,728.5,68.5,rest
ACT,Visiting friends and relatives,2008,681.8,64.1,rest
ACT,Visiting friends and relatives,2009,609.3,57.2,rest
ACT,Visiting friends and relatives,2010,656.5,61.7,rest
ACT,Visiting friends and relatives,2011,617.4,58.0,rest
ACT,Visiting friends and relatives,2012,759.7,71.4,rest
ACT,Visiting friends and relatives,2013,708.0,66.5,rest
ACT,Visiting friends and relatives,2014,760.7,71.5,rest
ACT,Visiting friends and relatives,2015,783.1,73.6,rest
ACT,Visiting friends and relatives,2016,792.7,74.5,rest
ACT,Visiting friends and relatives,2017,985.6,92.6,rest
ACT,Visiting friends and relatives,2018,950.6,89.3,rest
ACT,Visiting friends and relatives,2019,1064.2,100.0,rest
ACT,Visiting friends and relatives,2020,703.8,66.1,rest
ACT,Visiting friends and relatives,2021,779.1,73.2,rest
ACT,Visiting friends and relatives,2022,1177.4,110.6,rest
ACT,Visiting friends and relatives,2023,1275.0,119.8,rest
ACT,Visiting friends and relatives,2024,1071.3,100.7,rest
AUS,Visiting friends and relatives,2001,24475.2,61.3,rest
AUS,Visiting friends and relatives,2002,26089.4,65.3,rest
AUS,Visiting friends and relatives,2003,27026.4,67.7,rest
AUS,Visiting friends and relatives,2004,27003.7,67.6,rest
AUS,Visiting friends and relatives,2005,24459.5,61.2,rest
AUS,Visiting friends and relatives,2006,25904.4,64.9,rest
AUS,Visiting friends and relatives,2007,25406.9,63.6,rest
AUS,Visiting friends and relatives,2008,24117.0,60.4,rest
AUS,Visiting friends and relatives,2009,22698.8,56.8,rest
AUS,Visiting friends and relatives,2010,22862.1,57.2,rest
AUS,Visiting friends and relatives,2011,24516.1,61.4,rest
AUS,Visiting friends and relatives,2012,26336.0,65.9,rest
AUS,Visiting friends and relatives,2013,26393.2,66.1,rest
AUS,Visiting friends and relatives,2014,28780.8,72.1,rest
AUS,Visiting friends and relatives,2015,29888.5,74.8,rest
AUS,Visiting friends and relatives,2016,31224.6,78.2,rest
AUS,Visiting friends and relatives,2017,33368.5,83.5,rest
AUS,Visiting friends and relatives,2018,35405.8,88.6,rest
AUS,Visiting friends and relatives,2019,39943.9,100.0,rest
AUS,Visiting friends and relatives,2020,24795.5,62.1,rest
AUS,Visiting friends and relatives,2021,27067.8,67.8,rest
AUS,Visiting friends and relatives,2022,35522.0,88.9,rest
AUS,Visiting friends and relatives,2023,37477.1,93.8,rest
AUS,Visiting friends and relatives,2024,37139.1,93.0,rest
NSW,Business,2001,5428.7,65.1,rest
NSW,Business,2002,5360.2,64.3,rest
NSW,Business,2003,5091.3,61.1,rest
NSW,Business,2004,4677.5,56.1,rest
NSW,Business,2005,4244.4,50.9,rest
NSW,Business,2006,4201.1,50.4,rest
NSW,Business,2007,4212.4,50.5,rest
NSW,Business,2008,4280.7,51.4,rest
NSW,Business,2009,3886.7,46.6,rest
NSW,Business,2010,3829.8,45.9,rest
NSW,Business,2011,4504.1,54.0,rest
NSW,Business,2012,4285.7,51.4,rest
NSW,Business,2013,4400.6,52.8,rest
NSW,Business,2014,4750.6,57.0,rest
NSW,Business,2015,5122.5,61.5,rest
NSW,Business,2016,5384.4,64.6,rest
NSW,Business,2017,6513.7,78.1,rest
NSW,Business,2018,7459.0,89.5,rest
NSW,Business,2019,8335.5,100.0,rest
NSW,Business,2020,4595.7,55.1,rest
NSW,Business,2021,4082.1,49.0,rest
NSW,Business,2022,6408.1,76.9,rest
NSW,Business,2023,6888.6,82.6,rest
NSW,Business,2024,7358.5,88.3,rest
VIC,Business,2001,3035.3,52.2,second
VIC,Business,2002,2922.9,50.3,second
VIC,Business,2003,3046.4,52.4,second
VIC,Business,2004,2971.8,51.1,second
VIC,Business,2005,2785.2,47.9,second
VIC,Business,2006,2755.7,47.4,second
VIC,Business,2007,2928.3,50.4,second
VIC,Business,2008,2687.5,46.2,second
VIC,Business,2009,2690.3,46.3,second
VIC,Business,2010,2683.7,46.2,second
VIC,Business,2011,2975.1,51.2,second
VIC,Business,2012,2931.3,50.4,second
VIC,Business,2013,2969.8,51.1,second
VIC,Business,2014,3391.0,58.3,second
VIC,Business,2015,3493.3,60.1,second
VIC,Business,2016,3675.9,63.2,second
VIC,Business,2017,4545.1,78.2,second
VIC,Business,2018,5007.5,86.1,second
VIC,Business,2019,5814.1,100.0,second
VIC,Business,2020,2395.9,41.2,second
VIC,Business,2021,2184.8,37.6,second
VIC,Business,2022,4125.3,71.0,second
VIC,Business,2023,4506.4,77.5,second
VIC,Business,2024,4907.9,84.4,second
QLD,Business,2001,3116.5,50.9,hero
QLD,Business,2002,3152.0,51.4,hero
QLD,Business,2003,2661.9,43.4,hero
QLD,Business,2004,3127.9,51.1,hero
QLD,Business,2005,3085.0,50.4,hero
QLD,Business,2006,3231.3,52.7,hero
QLD,Business,2007,3631.8,59.3,hero
QLD,Business,2008,3223.7,52.6,hero
QLD,Business,2009,2748.4,44.9,hero
QLD,Business,2010,3468.3,56.6,hero
QLD,Business,2011,3378.8,55.1,hero
QLD,Business,2012,3215.0,52.5,hero
QLD,Business,2013,3228.5,52.7,hero
QLD,Business,2014,4154.8,67.8,hero
QLD,Business,2015,4270.1,69.7,hero
QLD,Business,2016,4399.4,71.8,hero
QLD,Business,2017,4991.4,81.5,hero
QLD,Business,2018,5449.4,88.9,hero
QLD,Business,2019,6127.0,100.0,hero
QLD,Business,2020,3720.1,60.7,hero
QLD,Business,2021,3876.5,63.3,hero
QLD,Business,2022,5216.7,85.1,hero
QLD,Business,2023,5544.5,90.5,hero
QLD,Business,2024,6209.4,101.3,hero
SA,Business,2001,1036.4,56.4,rest
SA,Business,2002,1200.3,65.4,rest
SA,Business,2003,1207.4,65.7,rest
SA,Business,2004,1170.7,63.7,rest
SA,Business,2005,914.2,49.8,rest
SA,Business,2006,989.1,53.9,rest
SA,Business,2007,1089.9,59.3,rest
SA,Business,2008,1037.2,56.5,rest
SA,Business,2009,940.8,51.2,rest
SA,Business,2010,895.1,48.7,rest
SA,Business,2011,1006.4,54.8,rest
SA,Business,2012,1064.1,57.9,rest
SA,Business,2013,948.0,51.6,rest
SA,Business,2014,1176.7,64.1,rest
SA,Business,2015,1254.0,68.3,rest
SA,Business,2016,1304.2,71.0,rest
SA,Business,2017,1291.1,70.3,rest
SA,Business,2018,1476.1,80.4,rest
SA,Business,2019,1836.6,100.0,rest
SA,Business,2020,1079.8,58.8,rest
SA,Business,2021,1079.7,58.8,rest
SA,Business,2022,1579.8,86.0,rest
SA,Business,2023,1637.8,89.2,rest
SA,Business,2024,1733.5,94.4,rest
WA,Business,2001,1615.3,47.0,rest
WA,Business,2002,1516.0,44.1,rest
WA,Business,2003,1343.9,39.1,rest
WA,Business,2004,1319.7,38.4,rest
WA,Business,2005,1247.9,36.3,rest
WA,Business,2006,1468.7,42.8,rest
WA,Business,2007,1492.8,43.5,rest
WA,Business,2008,1340.5,39.0,rest
WA,Business,2009,1111.7,32.4,rest
WA,Business,2010,1216.3,35.4,rest
WA,Business,2011,1337.3,38.9,rest
WA,Business,2012,1504.7,43.8,rest
WA,Business,2013,1487.9,43.3,rest
WA,Business,2014,2504.2,72.9,rest
WA,Business,2015,2609.0,76.0,rest
WA,Business,2016,2719.9,79.2,rest
WA,Business,2017,2488.2,72.5,rest
WA,Business,2018,2644.6,77.0,rest
WA,Business,2019,3434.3,100.0,rest
WA,Business,2020,2426.2,70.6,rest
WA,Business,2021,2494.3,72.6,rest
WA,Business,2022,2803.6,81.6,rest
WA,Business,2023,3450.4,100.5,rest
WA,Business,2024,3274.8,95.4,rest
TAS,Business,2001,351.5,56.9,rest
TAS,Business,2002,374.4,60.6,rest
TAS,Business,2003,415.0,67.2,rest
TAS,Business,2004,502.6,81.3,rest
TAS,Business,2005,396.5,64.2,rest
TAS,Business,2006,372.6,60.3,rest
TAS,Business,2007,375.0,60.7,rest
TAS,Business,2008,396.0,64.1,rest
TAS,Business,2009,341.2,55.2,rest
TAS,Business,2010,351.6,56.9,rest
TAS,Business,2011,357.9,57.9,rest
TAS,Business,2012,373.7,60.5,rest
TAS,Business,2013,338.3,54.7,rest
TAS,Business,2014,432.5,70.0,rest
TAS,Business,2015,413.4,66.9,rest
TAS,Business,2016,415.6,67.3,rest
TAS,Business,2017,592.2,95.8,rest
TAS,Business,2018,544.1,88.1,rest
TAS,Business,2019,617.9,100.0,rest
TAS,Business,2020,285.7,46.2,rest
TAS,Business,2021,397.7,64.4,rest
TAS,Business,2022,528.8,85.6,rest
TAS,Business,2023,518.8,84.0,rest
TAS,Business,2024,616.1,99.7,rest
NT,Business,2001,390.9,57.1,rest
NT,Business,2002,435.1,63.5,rest
NT,Business,2003,272.4,39.8,rest
NT,Business,2004,321.1,46.9,rest
NT,Business,2005,339.5,49.6,rest
NT,Business,2006,303.3,44.3,rest
NT,Business,2007,360.7,52.7,rest
NT,Business,2008,387.3,56.5,rest
NT,Business,2009,360.7,52.7,rest
NT,Business,2010,332.6,48.6,rest
NT,Business,2011,299.1,43.7,rest
NT,Business,2012,332.9,48.6,rest
NT,Business,2013,316.3,46.2,rest
NT,Business,2014,573.3,83.7,rest
NT,Business,2015,577.8,84.4,rest
NT,Business,2016,590.6,86.2,rest
NT,Business,2017,670.8,97.9,rest
NT,Business,2018,676.5,98.8,rest
NT,Business,2019,685.0,100.0,rest
NT,Business,2020,376.9,55.0,rest
NT,Business,2021,408.1,59.6,rest
NT,Business,2022,497.9,72.7,rest
NT,Business,2023,458.7,67.0,rest
NT,Business,2024,589.9,86.1,rest
ACT,Business,2001,519.6,49.0,rest
ACT,Business,2002,625.9,59.0,rest
ACT,Business,2003,485.6,45.7,rest
ACT,Business,2004,499.3,47.0,rest
ACT,Business,2005,639.4,60.2,rest
ACT,Business,2006,548.0,51.6,rest
ACT,Business,2007,639.2,60.2,rest
ACT,Business,2008,588.4,55.4,rest
ACT,Business,2009,493.0,46.4,rest
ACT,Business,2010,541.1,51.0,rest
ACT,Business,2011,544.9,51.3,rest
ACT,Business,2012,618.1,58.2,rest
ACT,Business,2013,583.2,54.9,rest
ACT,Business,2014,684.3,64.5,rest
ACT,Business,2015,728.3,68.6,rest
ACT,Business,2016,754.1,71.1,rest
ACT,Business,2017,830.8,78.3,rest
ACT,Business,2018,873.3,82.3,rest
ACT,Business,2019,1061.4,100.0,rest
ACT,Business,2020,465.8,43.9,rest
ACT,Business,2021,344.3,32.4,rest
ACT,Business,2022,789.7,74.4,rest
ACT,Business,2023,959.7,90.4,rest
ACT,Business,2024,973.6,91.7,rest
AUS,Business,2001,15013.9,55.5,rest
AUS,Business,2002,14880.3,55.0,rest
AUS,Business,2003,13990.6,51.7,rest
AUS,Business,2004,14117.6,52.2,rest
AUS,Business,2005,13282.0,49.1,rest
AUS,Business,2006,13521.7,50.0,rest
AUS,Business,2007,14364.2,53.1,rest
AUS,Business,2008,13496.4,49.9,rest
AUS,Business,2009,12262.9,45.3,rest
AUS,Business,2010,12969.2,48.0,rest
AUS,Business,2011,13922.1,51.5,rest
AUS,Business,2012,14031.9,51.9,rest
AUS,Business,2013,13979.2,51.7,rest
AUS,Business,2014,17278.4,63.9,rest
AUS,Business,2015,17974.7,66.5,rest
AUS,Business,2016,18709.2,69.2,rest
AUS,Business,2017,21393.6,79.1,rest
AUS,Business,2018,23458.7,86.8,rest
AUS,Business,2019,27040.6,100.0,rest
AUS,Business,2020,14906.8,55.1,rest
AUS,Business,2021,14453.7,53.5,rest
AUS,Business,2022,21427.0,79.2,rest
AUS,Business,2023,23533.8,87.0,rest
AUS,Business,2024,25029.6,92.6,rest
NSW,Other,2001,1659.8,62.8,rest
NSW,Other,2002,1613.6,61.0,rest
NSW,Other,2003,1591.7,60.2,rest
NSW,Other,2004,1411.6,53.4,rest
NSW,Other,2005,1508.7,57.1,rest
NSW,Other,2006,1385.0,52.4,rest
NSW,Other,2007,1413.5,53.5,rest
NSW,Other,2008,1198.5,45.3,rest
NSW,Other,2009,1209.5,45.7,rest
NSW,Other,2010,1353.0,51.2,rest
NSW,Other,2011,1425.0,53.9,rest
NSW,Other,2012,1260.8,47.7,rest
NSW,Other,2013,1533.1,58.0,rest
NSW,Other,2014,1797.3,68.0,rest
NSW,Other,2015,1909.4,72.2,rest
NSW,Other,2016,2044.6,77.3,rest
NSW,Other,2017,2366.2,89.5,rest
NSW,Other,2018,2102.0,79.5,rest
NSW,Other,2019,2644.2,100.0,rest
NSW,Other,2020,1778.8,67.3,rest
NSW,Other,2021,1867.2,70.6,rest
NSW,Other,2022,2223.4,84.1,rest
NSW,Other,2023,2391.7,90.5,rest
NSW,Other,2024,2379.0,90.0,rest
VIC,Other,2001,1062.0,62.5,second
VIC,Other,2002,997.0,58.6,second
VIC,Other,2003,798.4,47.0,second
VIC,Other,2004,917.0,53.9,second
VIC,Other,2005,859.9,50.6,second
VIC,Other,2006,888.5,52.2,second
VIC,Other,2007,843.2,49.6,second
VIC,Other,2008,675.2,39.7,second
VIC,Other,2009,756.8,44.5,second
VIC,Other,2010,767.7,45.1,second
VIC,Other,2011,798.8,47.0,second
VIC,Other,2012,804.2,47.3,second
VIC,Other,2013,795.8,46.8,second
VIC,Other,2014,1216.6,71.5,second
VIC,Other,2015,1210.5,71.2,second
VIC,Other,2016,1346.2,79.2,second
VIC,Other,2017,1466.9,86.3,second
VIC,Other,2018,1348.4,79.3,second
VIC,Other,2019,1700.5,100.0,second
VIC,Other,2020,936.7,55.1,second
VIC,Other,2021,1145.7,67.4,second
VIC,Other,2022,1193.5,70.2,second
VIC,Other,2023,1373.3,80.8,second
VIC,Other,2024,1403.6,82.5,second
QLD,Other,2001,1150.4,79.8,rest
QLD,Other,2002,1067.6,74.0,rest
QLD,Other,2003,899.1,62.4,rest
QLD,Other,2004,1042.1,72.3,rest
QLD,Other,2005,1096.6,76.0,rest
QLD,Other,2006,884.6,61.4,rest
QLD,Other,2007,954.3,66.2,rest
QLD,Other,2008,787.1,54.6,rest
QLD,Other,2009,801.5,55.6,rest
QLD,Other,2010,985.8,68.4,rest
QLD,Other,2011,997.1,69.2,rest
QLD,Other,2012,1177.1,81.6,rest
QLD,Other,2013,1006.4,69.8,rest
QLD,Other,2014,1237.8,85.8,rest
QLD,Other,2015,1292.6,89.6,rest
QLD,Other,2016,1406.0,97.5,rest
QLD,Other,2017,1594.2,110.6,rest
QLD,Other,2018,1550.9,107.6,rest
QLD,Other,2019,1441.9,100.0,rest
QLD,Other,2020,1366.8,94.8,rest
QLD,Other,2021,1531.4,106.2,rest
QLD,Other,2022,1458.0,101.1,rest
QLD,Other,2023,1521.2,105.5,rest
QLD,Other,2024,1644.2,114.0,rest
SA,Other,2001,451.1,60.8,rest
SA,Other,2002,366.2,49.3,rest
SA,Other,2003,408.2,55.0,rest
SA,Other,2004,433.2,58.4,rest
SA,Other,2005,402.8,54.3,rest
SA,Other,2006,369.5,49.8,rest
SA,Other,2007,365.2,49.2,rest
SA,Other,2008,284.6,38.3,rest
SA,Other,2009,314.3,42.3,rest
SA,Other,2010,331.6,44.7,rest
SA,Other,2011,356.1,48.0,rest
SA,Other,2012,362.5,48.8,rest
SA,Other,2013,415.3,56.0,rest
SA,Other,2014,429.5,57.9,rest
SA,Other,2015,488.7,65.9,rest
SA,Other,2016,516.7,69.6,rest
SA,Other,2017,540.3,72.8,rest
SA,Other,2018,509.5,68.7,rest
SA,Other,2019,742.2,100.0,rest
SA,Other,2020,430.7,58.0,rest
SA,Other,2021,477.8,64.4,rest
SA,Other,2022,509.6,68.7,rest
SA,Other,2023,436.4,58.8,rest
SA,Other,2024,701.2,94.5,rest
WA,Other,2001,407.5,59.2,rest
WA,Other,2002,544.5,79.0,rest
WA,Other,2003,471.2,68.4,rest
WA,Other,2004,450.2,65.4,rest
WA,Other,2005,380.6,55.3,rest
WA,Other,2006,442.1,64.2,rest
WA,Other,2007,406.6,59.0,rest
WA,Other,2008,327.9,47.6,rest
WA,Other,2009,290.9,42.2,rest
WA,Other,2010,345.9,50.2,rest
WA,Other,2011,374.2,54.3,rest
WA,Other,2012,337.9,49.1,rest
WA,Other,2013,396.6,57.6,rest
WA,Other,2014,606.7,88.1,rest
WA,Other,2015,595.7,86.5,rest
WA,Other,2016,624.9,90.7,rest
WA,Other,2017,696.8,101.2,rest
WA,Other,2018,644.4,93.5,rest
WA,Other,2019,688.8,100.0,rest
WA,Other,2020,498.4,72.4,rest
WA,Other,2021,655.1,95.1,rest
WA,Other,2022,581.7,84.4,rest
WA,Other,2023,677.9,98.4,rest
WA,Other,2024,699.3,101.5,rest
TAS,Other,2001,139.1,83.0,hero
TAS,Other,2002,162.4,96.9,hero
TAS,Other,2003,189.2,112.9,hero
TAS,Other,2004,177.5,105.9,hero
TAS,Other,2005,155.2,92.7,hero
TAS,Other,2006,156.2,93.2,hero
TAS,Other,2007,137.8,82.3,hero
TAS,Other,2008,88.5,52.8,hero
TAS,Other,2009,68.9,41.1,hero
TAS,Other,2010,91.6,54.7,hero
TAS,Other,2011,93.8,56.0,hero
TAS,Other,2012,114.1,68.1,hero
TAS,Other,2013,104.8,62.6,hero
TAS,Other,2014,118.0,70.4,hero
TAS,Other,2015,123.8,73.9,hero
TAS,Other,2016,157.1,93.8,hero
TAS,Other,2017,155.1,92.6,hero
TAS,Other,2018,145.4,86.8,hero
TAS,Other,2019,167.5,100.0,hero
TAS,Other,2020,139.5,83.2,hero
TAS,Other,2021,158.7,94.7,hero
TAS,Other,2022,197.4,117.8,hero
TAS,Other,2023,196.7,117.4,hero
TAS,Other,2024,212.4,126.8,hero
NT,Other,2001,107.7,91.3,rest
NT,Other,2002,100.6,85.3,rest
NT,Other,2003,105.7,89.6,rest
NT,Other,2004,67.5,57.2,rest
NT,Other,2005,99.0,83.9,rest
NT,Other,2006,72.9,61.8,rest
NT,Other,2007,77.3,65.5,rest
NT,Other,2008,61.6,52.2,rest
NT,Other,2009,66.3,56.2,rest
NT,Other,2010,62.8,53.2,rest
NT,Other,2011,65.3,55.4,rest
NT,Other,2012,53.0,44.9,rest
NT,Other,2013,39.6,33.5,rest
NT,Other,2015,102.9,87.2,rest
NT,Other,2016,127.3,107.9,rest
NT,Other,2017,146.2,123.9,rest
NT,Other,2018,74.9,63.5,rest
NT,Other,2019,118.0,100.0,rest
ACT,Other,2004,159.5,71.4,rest
ACT,Other,2005,102.8,46.0,rest
ACT,Other,2006,103.9,46.5,rest
ACT,Other,2007,119.4,53.5,rest
ACT,Other,2008,137.3,61.5,rest
ACT,Other,2009,103.9,46.5,rest
ACT,Other,2010,132.0,59.1,rest
ACT,Other,2011,120.7,54.0,rest
ACT,Other,2012,112.6,50.4,rest
ACT,Other,2013,121.9,54.6,rest
ACT,Other,2014,158.6,71.0,rest
ACT,Other,2015,193.3,86.5,rest
ACT,Other,2016,198.8,89.0,rest
ACT,Other,2017,153.4,68.7,rest
ACT,Other,2018,170.9,76.5,rest
ACT,Other,2019,223.4,100.0,rest
ACT,Other,2020,111.7,50.0,rest
ACT,Other,2021,149.6,67.0,rest
ACT,Other,2022,218.1,97.7,rest
ACT,Other,2023,329.6,147.5,rest
AUS,Other,2001,4691.2,63.5,rest
AUS,Other,2002,4644.7,62.9,rest
AUS,Other,2003,4203.9,56.9,rest
AUS,Other,2004,4257.0,57.7,rest
AUS,Other,2005,4351.9,58.9,rest
AUS,Other,2006,4058.2,55.0,rest
AUS,Other,2007,4075.1,55.2,rest
AUS,Other,2008,3370.5,45.7,rest
AUS,Other,2009,3469.4,47.0,rest
AUS,Other,2010,3954.2,53.6,rest
AUS,Other,2011,4123.2,55.9,rest
AUS,Other,2012,4065.6,55.1,rest
AUS,Other,2013,4267.5,57.8,rest
AUS,Other,2014,5432.9,73.6,rest
AUS,Other,2015,5659.3,76.7,rest
AUS,Other,2016,6114.7,82.8,rest
AUS,Other,2017,6806.0,92.2,rest
AUS,Other,2018,6299.8,85.3,rest
AUS,Other,2019,7382.6,100.0,rest
AUS,Other,2020,5155.9,69.8,rest
AUS,Other,2021,5823.4,78.9,rest
AUS,Other,2022,6108.0,82.7,rest
AUS,Other,2023,6748.2,91.4,rest
AUS,Other,2024,6972.2,94.4,rest
