state,year,trips_000,index_2019
NSW,2001,26539.2,68.1
NSW,2002,27484.9,70.5
NSW,2003,26496.7,68.0
NSW,2004,25611.7,65.7
NSW,2005,23819.0,61.1
NSW,2006,24873.2,63.8
NSW,2007,24237.8,62.2
NSW,2008,24384.0,62.6
NSW,2009,22948.7,58.9
NSW,2010,23571.8,60.5
NSW,2011,24541.9,63.0
NSW,2012,24789.7,63.6
NSW,2013,25705.0,66.0
NSW,2014,26492.2,68.0
NSW,2015,27709.0,71.1
NSW,2016,29188.3,74.9
NSW,2017,32254.9,82.8
NSW,2018,34812.5,89.3
NSW,2019,38968.2,100.0
NSW,2020,24447.3,62.7
NSW,2021,24352.4,62.5
NSW,2022,35118.2,90.1
NSW,2023,36749.9,94.3
NSW,2024,37484.5,96.2
VIC,2001,18148.1,61.0
VIC,2002,18039.1,60.6
VIC,2003,18019.9,60.6
VIC,2004,17800.5,59.8
VIC,2005,16660.2,56.0
VIC,2006,17441.0,58.6
VIC,2007,17580.8,59.1
VIC,2008,17124.4,57.6
VIC,2009,16201.4,54.5
VIC,2010,16420.2,55.2
VIC,2011,17642.6,59.3
VIC,2012,17970.0,60.4
VIC,2013,18309.4,61.5
VIC,2014,19840.0,66.7
VIC,2015,20840.7,70.1
VIC,2016,21927.2,73.7
VIC,2017,25249.7,84.9
VIC,2018,26217.9,88.1
VIC,2019,29748.4,100.0
VIC,2020,13962.6,46.9
VIC,2021,17950.9,60.3
VIC,2022,26168.2,88.0
VIC,2023,28458.7,95.7
VIC,2024,29140.7,98.0
QLD,2001,16275.1,62.8
QLD,2002,16331.9,63.0
QLD,2003,16186.1,62.5
QLD,2004,17112.3,66.0
QLD,2005,16449.3,63.5
QLD,2006,17114.6,66.0
QLD,2007,18241.7,70.4
QLD,2008,17107.1,66.0
QLD,2009,16091.3,62.1
QLD,2010,16923.2,65.3
QLD,2011,16929.0,65.3
QLD,2012,18001.4,69.5
QLD,2013,17571.6,67.8
QLD,2014,19707.2,76.0
QLD,2015,20337.2,78.5
QLD,2016,20765.1,80.1
QLD,2017,21934.0,84.6
QLD,2018,23639.2,91.2
QLD,2019,25914.4,100.0
QLD,2020,16850.6,65.0
QLD,2021,20473.9,79.0
QLD,2022,25590.9,98.8
QLD,2023,24991.6,96.4
QLD,2024,26187.5,101.1
SA,2001,5529.1,68.3
SA,2002,5546.2,68.5
SA,2003,5409.6,66.8
SA,2004,5796.9,71.6
SA,2005,5004.1,61.8
SA,2006,5300.4,65.5
SA,2007,5498.7,67.9
SA,2008,5132.5,63.4
SA,2009,4898.1,60.5
SA,2010,4759.2,58.8
SA,2011,5108.7,63.1
SA,2012,5175.6,63.9
SA,2013,5235.2,64.7
SA,2014,5743.4,71.0
SA,2015,5913.8,73.1
SA,2016,6211.1,76.7
SA,2017,6435.6,79.5
SA,2018,6597.8,81.5
SA,2019,8093.6,100.0
SA,2020,5473.5,67.6
SA,2021,6067.0,75.0
SA,2022,7110.3,87.9
SA,2023,7395.9,91.4
SA,2024,7594.2,93.8
WA,2001,6697.4,60.8
WA,2002,6826.8,61.9
WA,2003,6425.5,58.3
WA,2004,6510.0,59.1
WA,2005,5968.0,54.1
WA,2006,6750.8,61.2
WA,2007,6476.4,58.8
WA,2008,6013.9,54.6
WA,2009,5345.5,48.5
WA,2010,5193.2,47.1
WA,2011,5783.4,52.5
WA,2012,6272.0,56.9
WA,2013,6566.4,59.6
WA,2014,9743.8,88.4
WA,2015,9800.9,88.9
WA,2016,9750.1,88.5
WA,2017,9042.4,82.0
WA,2018,9865.1,89.5
WA,2019,11022.2,100.0
WA,2020,8761.5,79.5
WA,2021,9823.6,89.1
WA,2022,10523.8,95.5
WA,2023,11073.8,100.5
WA,2024,10854.5,98.5
TAS,2001,1852.2,57.6
TAS,2002,1864.4,57.9
TAS,2003,2132.5,66.3
TAS,2004,2243.2,69.7
TAS,2005,1914.5,59.5
TAS,2006,2081.8,64.7
TAS,2007,2139.0,66.5
TAS,2008,2006.8,62.4
TAS,2009,1928.8,60.0
TAS,2010,1857.7,57.7
TAS,2011,1970.6,61.3
TAS,2012,2051.5,63.8
TAS,2013,2065.7,64.2
TAS,2014,2286.1,71.1
TAS,2015,2353.1,73.1
TAS,2016,2448.7,76.1
TAS,2017,2728.3,84.8
TAS,2018,3064.0,95.2
TAS,2019,3217.3,100.0
TAS,2020,2179.9,67.8
TAS,2021,2635.7,81.9
TAS,2022,2999.0,93.2
TAS,2023,3028.1,94.1
TAS,2024,3192.2,99.2
NT,2001,1062.6,62.4
NT,2002,1099.4,64.6
NT,2003,934.9,54.9
NT,2004,1029.2,60.4
NT,2005,1031.1,60.6
NT,2006,1021.4,60.0
NT,2007,1126.5,66.2
NT,2008,1076.8,63.2
NT,2009,1068.3,62.7
NT,2010,1001.5,58.8
NT,2011,933.2,54.8
NT,2012,1031.9,60.6
NT,2013,897.4,52.7
NT,2014,1473.5,86.5
NT,2015,1466.7,86.1
NT,2016,1519.4,89.2
NT,2017,1600.2,94.0
NT,2018,1540.7,90.5
NT,2019,1702.5,100.0
NT,2020,936.3,55.0
NT,2021,1278.1,75.1
NT,2022,1573.9,92.4
NT,2023,1408.9,82.8
NT,2024,1422.0,83.5
ACT,2001,2106.7,65.8
ACT,2002,1983.0,61.9
ACT,2003,1957.8,61.1
ACT,2004,1887.9,58.9
ACT,2005,2004.5,62.6
ACT,2006,1903.8,59.4
ACT,2007,1965.7,61.4
ACT,2008,1957.0,61.1
ACT,2009,1726.1,53.9
ACT,2010,2095.7,65.4
ACT,2011,1800.3,56.2
ACT,2012,1955.1,61.0
ACT,2013,2055.3,64.2
ACT,2014,2257.3,70.5
ACT,2015,2383.8,74.4
ACT,2016,2488.8,77.7
ACT,2017,2816.2,87.9
ACT,2018,2767.1,86.4
ACT,2019,3203.3,100.0
ACT,2020,1657.0,51.7
ACT,2021,1731.4,54.1
ACT,2022,3032.8,94.7
ACT,2023,3298.1,103.0
ACT,2024,3097.9,96.7