region,state,trips_2019,trips_2024,change_pct
North West,TAS,590.3,705.6,19.5
Lakes,VIC,829.1,972.7,17.3
Goulburn,VIC,689.7,805.8,16.8
Capital Country,NSW,1733.6,2023.1,16.7
Gippsland,VIC,1436.1,1638.4,14.1
Whitsundays,QLD,631.1,709.1,12.4
Southern Queensland Country,QLD,2803.1,3137.0,11.9
Capricorn,QLD,761.4,842.0,10.6
Mackay,QLD,1064.4,1160.8,9.1
Ballarat,VIC,991.7,1056.4,6.5
Limestone Coast,SA,729.6,775.0,6.2
Australia's South West,WA,3076.3,3264.2,6.1
Geelong and the Bellarine,VIC,1669.0,1768.2,5.9
Yorke Peninsula,SA,585.9,611.6,4.4
Outback NSW,NSW,661.6,687.7,3.9